--
-- PostgreSQL database dump
--

-- Dumped from database version 14.17 (Homebrew)
-- Dumped by pg_dump version 14.17 (Homebrew)

SET statement_timeout = 0;
SET lock_timeout = 0;
SET idle_in_transaction_session_timeout = 0;
SET client_encoding = 'UTF8';
SET standard_conforming_strings = on;
SELECT pg_catalog.set_config('search_path', '', false);
SET check_function_bodies = false;
SET xmloption = content;
SET client_min_messages = warning;
SET row_security = off;

SET default_tablespace = '';

SET default_table_access_method = heap;

--
-- Name: auth_group; Type: TABLE; Schema: public; Owner: adam
--

CREATE TABLE public.auth_group (
    id integer NOT NULL,
    name character varying(150) NOT NULL
);


ALTER TABLE public.auth_group OWNER TO adam;

--
-- Name: auth_group_id_seq; Type: SEQUENCE; Schema: public; Owner: adam
--

ALTER TABLE public.auth_group ALTER COLUMN id ADD GENERATED BY DEFAULT AS IDENTITY (
    SEQUENCE NAME public.auth_group_id_seq
    START WITH 1
    INCREMENT BY 1
    NO MINVALUE
    NO MAXVALUE
    CACHE 1
);


--
-- Name: auth_group_permissions; Type: TABLE; Schema: public; Owner: adam
--

CREATE TABLE public.auth_group_permissions (
    id bigint NOT NULL,
    group_id integer NOT NULL,
    permission_id integer NOT NULL
);


ALTER TABLE public.auth_group_permissions OWNER TO adam;

--
-- Name: auth_group_permissions_id_seq; Type: SEQUENCE; Schema: public; Owner: adam
--

ALTER TABLE public.auth_group_permissions ALTER COLUMN id ADD GENERATED BY DEFAULT AS IDENTITY (
    SEQUENCE NAME public.auth_group_permissions_id_seq
    START WITH 1
    INCREMENT BY 1
    NO MINVALUE
    NO MAXVALUE
    CACHE 1
);


--
-- Name: auth_permission; Type: TABLE; Schema: public; Owner: adam
--

CREATE TABLE public.auth_permission (
    id integer NOT NULL,
    name character varying(255) NOT NULL,
    content_type_id integer NOT NULL,
    codename character varying(100) NOT NULL
);


ALTER TABLE public.auth_permission OWNER TO adam;

--
-- Name: auth_permission_id_seq; Type: SEQUENCE; Schema: public; Owner: adam
--

ALTER TABLE public.auth_permission ALTER COLUMN id ADD GENERATED BY DEFAULT AS IDENTITY (
    SEQUENCE NAME public.auth_permission_id_seq
    START WITH 1
    INCREMENT BY 1
    NO MINVALUE
    NO MAXVALUE
    CACHE 1
);


--
-- Name: auth_user; Type: TABLE; Schema: public; Owner: adam
--

CREATE TABLE public.auth_user (
    id integer NOT NULL,
    password character varying(128) NOT NULL,
    last_login timestamp with time zone,
    is_superuser boolean NOT NULL,
    username character varying(150) NOT NULL,
    first_name character varying(150) NOT NULL,
    last_name character varying(150) NOT NULL,
    email character varying(254) NOT NULL,
    is_staff boolean NOT NULL,
    is_active boolean NOT NULL,
    date_joined timestamp with time zone NOT NULL
);


ALTER TABLE public.auth_user OWNER TO adam;

--
-- Name: auth_user_groups; Type: TABLE; Schema: public; Owner: adam
--

CREATE TABLE public.auth_user_groups (
    id bigint NOT NULL,
    user_id integer NOT NULL,
    group_id integer NOT NULL
);


ALTER TABLE public.auth_user_groups OWNER TO adam;

--
-- Name: auth_user_groups_id_seq; Type: SEQUENCE; Schema: public; Owner: adam
--

ALTER TABLE public.auth_user_groups ALTER COLUMN id ADD GENERATED BY DEFAULT AS IDENTITY (
    SEQUENCE NAME public.auth_user_groups_id_seq
    START WITH 1
    INCREMENT BY 1
    NO MINVALUE
    NO MAXVALUE
    CACHE 1
);


--
-- Name: auth_user_id_seq; Type: SEQUENCE; Schema: public; Owner: adam
--

ALTER TABLE public.auth_user ALTER COLUMN id ADD GENERATED BY DEFAULT AS IDENTITY (
    SEQUENCE NAME public.auth_user_id_seq
    START WITH 1
    INCREMENT BY 1
    NO MINVALUE
    NO MAXVALUE
    CACHE 1
);


--
-- Name: auth_user_user_permissions; Type: TABLE; Schema: public; Owner: adam
--

CREATE TABLE public.auth_user_user_permissions (
    id bigint NOT NULL,
    user_id integer NOT NULL,
    permission_id integer NOT NULL
);


ALTER TABLE public.auth_user_user_permissions OWNER TO adam;

--
-- Name: auth_user_user_permissions_id_seq; Type: SEQUENCE; Schema: public; Owner: adam
--

ALTER TABLE public.auth_user_user_permissions ALTER COLUMN id ADD GENERATED BY DEFAULT AS IDENTITY (
    SEQUENCE NAME public.auth_user_user_permissions_id_seq
    START WITH 1
    INCREMENT BY 1
    NO MINVALUE
    NO MAXVALUE
    CACHE 1
);


--
-- Name: core_commit; Type: TABLE; Schema: public; Owner: adam
--

CREATE TABLE public.core_commit (
    id bigint NOT NULL,
    created_at timestamp with time zone NOT NULL,
    note_title character varying(100),
    note_body text,
    repo_id bigint NOT NULL
);


ALTER TABLE public.core_commit OWNER TO adam;

--
-- Name: core_commit_id_seq; Type: SEQUENCE; Schema: public; Owner: adam
--

ALTER TABLE public.core_commit ALTER COLUMN id ADD GENERATED BY DEFAULT AS IDENTITY (
    SEQUENCE NAME public.core_commit_id_seq
    START WITH 1
    INCREMENT BY 1
    NO MINVALUE
    NO MAXVALUE
    CACHE 1
);


--
-- Name: core_repo; Type: TABLE; Schema: public; Owner: adam
--

CREATE TABLE public.core_repo (
    id bigint NOT NULL,
    name character varying(100) NOT NULL,
    notes_enabled boolean NOT NULL,
    created_at timestamp with time zone NOT NULL,
    user_id integer NOT NULL,
    updated_at timestamp with time zone NOT NULL
);


ALTER TABLE public.core_repo OWNER TO adam;

--
-- Name: core_repo_id_seq; Type: SEQUENCE; Schema: public; Owner: adam
--

ALTER TABLE public.core_repo ALTER COLUMN id ADD GENERATED BY DEFAULT AS IDENTITY (
    SEQUENCE NAME public.core_repo_id_seq
    START WITH 1
    INCREMENT BY 1
    NO MINVALUE
    NO MAXVALUE
    CACHE 1
);


--
-- Name: django_admin_log; Type: TABLE; Schema: public; Owner: adam
--

CREATE TABLE public.django_admin_log (
    id integer NOT NULL,
    action_time timestamp with time zone NOT NULL,
    object_id text,
    object_repr character varying(200) NOT NULL,
    action_flag smallint NOT NULL,
    change_message text NOT NULL,
    content_type_id integer,
    user_id integer NOT NULL,
    CONSTRAINT django_admin_log_action_flag_check CHECK ((action_flag >= 0))
);


ALTER TABLE public.django_admin_log OWNER TO adam;

--
-- Name: django_admin_log_id_seq; Type: SEQUENCE; Schema: public; Owner: adam
--

ALTER TABLE public.django_admin_log ALTER COLUMN id ADD GENERATED BY DEFAULT AS IDENTITY (
    SEQUENCE NAME public.django_admin_log_id_seq
    START WITH 1
    INCREMENT BY 1
    NO MINVALUE
    NO MAXVALUE
    CACHE 1
);


--
-- Name: django_content_type; Type: TABLE; Schema: public; Owner: adam
--

CREATE TABLE public.django_content_type (
    id integer NOT NULL,
    app_label character varying(100) NOT NULL,
    model character varying(100) NOT NULL
);


ALTER TABLE public.django_content_type OWNER TO adam;

--
-- Name: django_content_type_id_seq; Type: SEQUENCE; Schema: public; Owner: adam
--

ALTER TABLE public.django_content_type ALTER COLUMN id ADD GENERATED BY DEFAULT AS IDENTITY (
    SEQUENCE NAME public.django_content_type_id_seq
    START WITH 1
    INCREMENT BY 1
    NO MINVALUE
    NO MAXVALUE
    CACHE 1
);


--
-- Name: django_migrations; Type: TABLE; Schema: public; Owner: adam
--

CREATE TABLE public.django_migrations (
    id bigint NOT NULL,
    app character varying(255) NOT NULL,
    name character varying(255) NOT NULL,
    applied timestamp with time zone NOT NULL
);


ALTER TABLE public.django_migrations OWNER TO adam;

--
-- Name: django_migrations_id_seq; Type: SEQUENCE; Schema: public; Owner: adam
--

ALTER TABLE public.django_migrations ALTER COLUMN id ADD GENERATED BY DEFAULT AS IDENTITY (
    SEQUENCE NAME public.django_migrations_id_seq
    START WITH 1
    INCREMENT BY 1
    NO MINVALUE
    NO MAXVALUE
    CACHE 1
);


--
-- Name: django_session; Type: TABLE; Schema: public; Owner: adam
--

CREATE TABLE public.django_session (
    session_key character varying(40) NOT NULL,
    session_data text NOT NULL,
    expire_date timestamp with time zone NOT NULL
);


ALTER TABLE public.django_session OWNER TO adam;

--
-- Data for Name: auth_group; Type: TABLE DATA; Schema: public; Owner: adam
--

COPY public.auth_group (id, name) FROM stdin;
\.


--
-- Data for Name: auth_group_permissions; Type: TABLE DATA; Schema: public; Owner: adam
--

COPY public.auth_group_permissions (id, group_id, permission_id) FROM stdin;
\.


--
-- Data for Name: auth_permission; Type: TABLE DATA; Schema: public; Owner: adam
--

COPY public.auth_permission (id, name, content_type_id, codename) FROM stdin;
1	Can add log entry	1	add_logentry
2	Can change log entry	1	change_logentry
3	Can delete log entry	1	delete_logentry
4	Can view log entry	1	view_logentry
5	Can add permission	2	add_permission
6	Can change permission	2	change_permission
7	Can delete permission	2	delete_permission
8	Can view permission	2	view_permission
9	Can add group	3	add_group
10	Can change group	3	change_group
11	Can delete group	3	delete_group
12	Can view group	3	view_group
13	Can add user	4	add_user
14	Can change user	4	change_user
15	Can delete user	4	delete_user
16	Can view user	4	view_user
17	Can add content type	5	add_contenttype
18	Can change content type	5	change_contenttype
19	Can delete content type	5	delete_contenttype
20	Can view content type	5	view_contenttype
21	Can add session	6	add_session
22	Can change session	6	change_session
23	Can delete session	6	delete_session
24	Can view session	6	view_session
25	Can add repo	7	add_repo
26	Can change repo	7	change_repo
27	Can delete repo	7	delete_repo
28	Can view repo	7	view_repo
29	Can add commit	8	add_commit
30	Can change commit	8	change_commit
31	Can delete commit	8	delete_commit
32	Can view commit	8	view_commit
\.


--
-- Data for Name: auth_user; Type: TABLE DATA; Schema: public; Owner: adam
--

COPY public.auth_user (id, password, last_login, is_superuser, username, first_name, last_name, email, is_staff, is_active, date_joined) FROM stdin;
1	pbkdf2_sha256$320000$7Pc/7e3wytGIlnuZzHg22D$4yt6WTzFFUe9NRvn20aoSYLAyPaJJM9St8D43x/43Hw=	\N	f	sampleuser				f	t	2024-12-16 20:30:39.340014-05
4	pbkdf2_sha256$870000$AWlt9HlFuBCfE8Z12k71JA$PSrcdnSqns5nPvk08XAAcHUySbU+2KJ3h82dL3ZiAd4=	\N	f	testuser2				f	t	2025-01-01 19:18:43.141379-05
5	pbkdf2_sha256$870000$Gdoz9zXRC4MIoa55owVetT$MY47zeLRwsA68JajmdQFSRE0vybosjoOI1LSdK1lXgw=	\N	f	jeff				f	t	2025-01-03 13:02:38.829887-05
6	pbkdf2_sha256$870000$emQ1UeyAsCEsITr0dtjUZ7$dW74niArpZ6IR9BVVftWAbqIJ+t/rQLJIHs5swNjcPk=	\N	f	jeff2				f	t	2025-01-03 13:04:53.309632-05
7	pbkdf2_sha256$870000$uWOn01z166LhhXWhyeOYf0$9NdJ8U72a3ptC/HLhGJ8F+J8iNS2ZpjexjOLiorjFGI=	\N	f	testuser3				f	t	2025-01-04 17:08:34.020587-05
8	pbkdf2_sha256$870000$410hNPm7X2O4Oc9NTW7rCC$3Z5pVhlBRrgqFsUuAfV/ky4TVFR5CP1dAM99fzG6UnU=	\N	f	test5				f	t	2025-01-04 17:12:34.734212-05
9	pbkdf2_sha256$870000$uHgGNx0MZ76UbtZvBPZy3c$eYoYMC1kace9ek8S1U9POYrmcBanLsDFugSn7rOVEnw=	\N	f	testuser5				f	t	2025-01-05 18:05:51.170141-05
10	pbkdf2_sha256$870000$rkTOoCE0OHHhVbeDDyZHMw$QvrVoZqlV5XKH0TG4bbU35QaHkhS3NbS7fBYPOlWxGw=	\N	f	testuser45				f	t	2025-01-07 19:05:04.434686-05
11	pbkdf2_sha256$870000$H8Fsgj0gFXIIcGpsqtIhFX$b+WCkj4mmyz5KxLnwf9jLSmikiQATLgNSU6QnulCMvU=	\N	f	testuser33				f	t	2025-01-13 16:44:25.276882-05
12	pbkdf2_sha256$870000$SGXV7O5sbgFJRGA64qxIAB$1nudTUPphdWiqL8V8upN4Tns2j5r4sdIl3QU9hB5DOs=	\N	f	jeff22				f	t	2025-01-13 16:44:54.820685-05
13	pbkdf2_sha256$870000$mWy8dWcmeEGBFS4VhAZia1$vWZ3xKdjLZvNfXL5JomAO7tyX9TpN1+DzeR+oxnorZQ=	\N	f	jeff2025				f	t	2025-01-13 16:45:23.178548-05
14	pbkdf2_sha256$870000$FDQo3L9TE8Exu08N9jRrNb$EKbVj/2dNu2oSi/P0zbuX3l04uBBFCwlF6/vCYxQEcU=	\N	f	peter				f	t	2025-01-13 16:58:04.927706-05
15	pbkdf2_sha256$870000$HraHJHwCYF610xPGga3ngj$DX5GptqBbiKuz4kNGzFluClHvkrm6nBBz2PF/F4ulR4=	\N	f	10daze				f	t	2025-01-23 22:43:10.700619-05
16	pbkdf2_sha256$870000$U5zsHfocSq03uhDEzxm6wc$NksEqH+sflcdPmu3r94pLXblAwz46zVAJ/aHQ97akyE=	\N	f	testcommit				f	t	2025-01-28 20:51:31.58193-05
17	pbkdf2_sha256$870000$gKJVSOjQspMYFF7lU8hKZ6$2YGVQonI0NWyznu36yh5iQo5a+4nDOxaGQuV+aV8eHo=	\N	f	kelseygpk				f	t	2025-03-06 22:25:14.329594-05
\.


--
-- Data for Name: auth_user_groups; Type: TABLE DATA; Schema: public; Owner: adam
--

COPY public.auth_user_groups (id, user_id, group_id) FROM stdin;
\.


--
-- Data for Name: auth_user_user_permissions; Type: TABLE DATA; Schema: public; Owner: adam
--

COPY public.auth_user_user_permissions (id, user_id, permission_id) FROM stdin;
\.


--
-- Data for Name: core_commit; Type: TABLE DATA; Schema: public; Owner: adam
--

COPY public.core_commit (id, created_at, note_title, note_body, repo_id) FROM stdin;
1	2024-01-01 03:30:00-05	Morning Meditation	Focused on breathing for 20 minutes.	1
2	2024-01-01 15:00:00-05	Evening Exercise	Light yoga and stretching.	1
3	2024-01-02 03:00:00-05	Early Run	Ran 3 miles in the neighborhood.	1
4	2024-01-01 03:45:00-05	\N	\N	2
5	2024-01-03 04:00:00-05	\N	\N	2
6	2024-01-01 05:30:00-05	Reflections on the New Year	Set new goals and prioritized tasks for the month.	3
7	2024-01-02 03:15:00-05	Learning to Cook	Tried a new pasta recipe.	3
8	2024-01-02 17:00:00-05	Late-Night Thoughts	Thinking about time management and productivity.	3
9	2025-01-03 11:03:44.254398-05	\N	\N	9
10	2025-01-03 11:03:46.781166-05	\N	\N	9
11	2025-01-03 11:03:47.445338-05	\N	\N	9
12	2025-01-03 11:04:17.847093-05	test title	test body	8
13	2025-01-03 11:04:22.86222-05	test title2	test body2	8
14	2025-01-24 12:46:11.701886-05	\N	\N	9
15	2025-01-24 13:24:52.318896-05	\N	\N	9
16	2025-01-24 13:32:58.892059-05	\N	\N	9
17	2025-01-24 13:51:07.326531-05	\N	\N	15
18	2025-01-24 13:51:34.512539-05	\N	\N	14
191	2025-02-07 21:16:28.337718-05	\N	\N	35
20	2025-01-24 21:19:26.726885-05	\N	\N	17
21	2025-01-24 21:19:35.334931-05	\N	\N	18
192	2025-02-07 21:16:30.666692-05	\N	\N	35
193	2025-02-07 21:17:45.107402-05	\N	\N	36
194	2025-02-07 21:28:33.385304-05	\N	\N	35
197	2025-02-08 19:18:56.014872-05	\N	\N	26
198	2025-02-08 19:18:58.534668-05	\N	\N	26
200	2025-02-08 23:03:24.166501-05	\N	\N	26
201	2025-02-09 11:18:39.838133-05	\N	\N	26
202	2025-02-09 15:42:34.188432-05	\N	\N	26
203	2025-02-09 16:22:43.173346-05	\N	\N	35
204	2025-02-09 22:13:44.795273-05	\N	\N	35
205	2025-02-09 22:13:57.207367-05	\N	\N	38
206	2025-02-09 22:14:01.571488-05	\N	\N	38
207	2025-02-09 22:14:20.989554-05	\N	\N	39
208	2025-02-09 22:14:22.905806-05	\N	\N	39
209	2025-02-09 22:14:23.689848-05	\N	\N	39
210	2025-02-09 22:14:45.540432-05	\N	\N	17
211	2025-02-10 17:54:06.800179-05	\N	\N	26
42	2025-01-27 21:42:47.701187-05	\N	\N	17
43	2025-01-27 21:43:38.253169-05	\N	\N	26
44	2025-01-27 21:43:42.66036-05	\N	\N	26
212	2025-02-10 17:54:09.680104-05	\N	\N	26
213	2025-02-11 17:08:59.609923-05	\N	\N	26
214	2025-02-11 18:03:30.069321-05	\N	\N	26
215	2025-02-11 21:40:58.212-05	\N	\N	17
216	2025-02-11 21:41:06.158625-05	\N	\N	35
217	2025-02-12 08:25:30.271765-05	\N	\N	26
218	2025-02-12 09:34:26.763909-05	\N	\N	35
221	2025-02-12 22:18:23.808076-05	\N	\N	17
222	2025-02-12 22:18:34.872541-05	\N	\N	35
224	2025-02-13 21:17:38.733317-05	\N	\N	26
225	2025-02-13 21:21:40.690932-05	\N	\N	35
226	2025-02-13 21:21:51.375919-05	\N	\N	17
227	2025-02-14 15:38:47.695836-05	\N	\N	26
228	2025-02-14 15:38:49.658192-05	\N	\N	26
231	2025-02-14 15:44:43.577888-05	\N	\N	26
232	2025-02-14 17:18:18.197598-05	\N	\N	35
233	2025-02-14 22:11:38.128224-05	\N	\N	35
234	2025-02-14 22:11:41.322553-05	\N	\N	17
235	2025-02-15 17:38:40.341918-05	\N	\N	26
237	2025-02-15 20:57:07.350737-05	\N	\N	17
71	2025-01-28 16:37:16.022525-05	\N	\N	18
91	2025-01-28 16:39:35.086019-05	\N	\N	18
92	2025-01-28 20:51:48.078287-05	\N	\N	28
93	2025-01-28 20:57:05.94201-05	\N	\N	28
94	2025-01-28 20:57:50.442094-05	\N	\N	28
238	2025-02-15 20:57:20.303493-05	\N	\N	35
239	2025-02-16 15:35:23.349239-05	\N	\N	26
240	2025-02-16 21:12:39.382385-05	\N	\N	17
98	2025-01-28 21:24:24.912461-05	\N	\N	26
241	2025-02-16 21:12:43.625023-05	\N	\N	34
100	2025-01-28 21:26:47.911676-05	\N	\N	26
101	2025-01-28 21:31:19.535137-05	\N	\N	26
102	2025-01-28 21:34:45.458313-05	\N	\N	26
242	2025-02-16 21:12:46.790913-05	\N	\N	34
243	2025-02-17 19:04:54.128586-05	\N	\N	17
105	2025-01-28 21:40:53.820673-05	\N	\N	26
106	2025-01-29 19:23:19.426841-05	\N	\N	26
107	2025-01-29 19:23:23.013267-05	\N	\N	26
109	2025-01-29 19:23:50.22467-05	\N	\N	18
245	2025-02-17 22:00:49.734498-05	\N	\N	26
246	2025-02-17 22:01:18.145904-05	\N	\N	34
141	2025-02-04 18:10:55.643138-05	\N	\N	26
142	2025-02-04 18:10:59.00835-05	\N	\N	26
143	2025-02-05 20:58:54.693312-05	\N	\N	26
144	2025-02-05 20:58:56.268693-05	\N	\N	26
145	2025-02-05 20:59:08.643247-05	\N	\N	17
146	2025-02-06 13:59:26.81828-05	\N	\N	26
247	2025-02-18 15:53:24.126908-05	\N	\N	26
248	2025-02-18 22:02:44.988703-05	\N	\N	17
151	2025-02-06 22:44:06.540955-05	\N	\N	17
152	2025-02-06 22:44:09.109818-05	\N	\N	26
153	2025-02-06 22:44:15.508987-05	\N	\N	26
154	2025-02-06 22:44:17.259431-05	\N	\N	26
155	2025-02-06 22:44:18.320872-05	\N	\N	26
156	2025-02-07 10:52:11.185735-05	\N	\N	26
251	2025-02-18 22:14:45.134078-05	\N	\N	35
252	2025-02-18 22:14:50.050536-05	\N	\N	35
253	2025-02-19 14:42:25.297684-05	\N	\N	35
254	2025-02-19 14:42:28.201719-05	\N	\N	35
255	2025-02-19 22:08:29.970878-05	\N	\N	35
256	2025-02-19 22:08:37.306848-05	\N	\N	35
257	2025-02-19 22:09:56.33809-05	\N	\N	17
258	2025-02-19 22:10:47.972813-05	\N	\N	42
259	2025-02-19 22:11:09.835039-05	first interview with accellclaims	went well	42
260	2025-02-19 22:14:45.715945-05	\N	\N	26
261	2025-02-20 22:06:53.855633-05	\N	\N	26
262	2025-02-20 22:06:55.819574-05	\N	\N	26
263	2025-02-20 22:06:59.473163-05	\N	\N	17
264	2025-02-20 22:07:08.358241-05	\N	\N	35
265	2025-02-20 22:07:11.584887-05	\N	\N	35
266	2025-02-20 22:07:14.451642-05	\N	\N	35
268	2025-02-20 22:21:08.189563-05	\N	\N	26
269	2025-02-21 10:10:57.139709-05	\N	\N	26
177	2025-02-07 15:57:11.930309-05	\N	\N	26
178	2025-02-07 19:41:45.966833-05	\N	\N	26
271	2025-02-21 12:35:32.831419-05	\N	\N	26
275	2025-02-21 21:34:25.983804-05	\N	\N	35
187	2025-02-07 20:11:05.891076-05	\N	\N	17
188	2025-02-07 20:29:40.301848-05	\N	\N	17
189	2025-02-07 21:15:56.450781-05	\N	\N	34
190	2025-02-07 21:16:06.006331-05	\N	\N	35
276	2025-02-21 21:34:28.107278-05	\N	\N	35
277	2025-02-21 21:34:29.712454-05	\N	\N	35
278	2025-02-21 21:34:31.314317-05	\N	\N	35
279	2025-02-22 17:15:28.026806-05	\N	\N	26
284	2025-02-22 21:06:09.621117-05	\N	\N	17
288	2025-02-22 23:34:53.918115-05	\N	\N	35
289	2025-02-22 23:34:57.476922-05	\N	\N	35
290	2025-02-22 23:35:06.607883-05	\N	\N	26
291	2025-02-23 18:54:39.884574-05	\N	\N	26
292	2025-02-23 18:54:42.178648-05	\N	\N	26
293	2025-02-23 21:58:35.22813-05	\N	\N	35
294	2025-02-23 21:58:40.130868-05	\N	\N	17
295	2025-02-23 21:58:52.59747-05	\N	\N	34
296	2025-02-23 21:59:08.264054-05	\N	\N	34
297	2025-02-24 18:45:15.955668-05	second interview with accel claims	went well, not as great as the first one. Got asked a lot of similar questions, though it was different people leading the call. Felt odd having to repeat myself. Will hear back by friday. Fingers crossed!	42
298	2025-02-24 18:46:00.650712-05	The Coder School	https://www.indeed.com/viewjob?jk=06d86dc4004eb83e&from=apply-conf	36
299	2025-02-24 20:50:21.364236-05	\N	\N	17
300	2025-02-24 21:08:55.536899-05	\N	\N	26
301	2025-02-24 21:15:23.39686-05	\N	\N	34
302	2025-02-24 21:15:26.467297-05	\N	\N	34
303	2025-02-25 17:11:01.465418-05	\N	\N	26
304	2025-02-25 17:11:05.176603-05	\N	\N	26
305	2025-02-25 21:54:13.669748-05	\N	\N	34
306	2025-02-25 21:54:16.848254-05	\N	\N	34
307	2025-02-25 21:54:20.852733-05	\N	\N	34
308	2025-02-25 21:54:34.521167-05	\N	\N	17
309	2025-02-25 22:58:11.208234-05	\N	\N	26
310	2025-02-26 15:04:39.254336-05	\N	\N	26
311	2025-02-26 15:04:42.405247-05	\N	\N	26
312	2025-02-26 15:05:00.760229-05	\N	\N	43
313	2025-02-26 15:05:04.265313-05	\N	\N	43
314	2025-02-26 15:05:06.029607-05	\N	\N	43
315	2025-02-26 15:05:09.799847-05	\N	\N	43
316	2025-02-26 21:26:48.346975-05	\N	\N	26
317	2025-02-26 21:27:06.578854-05	\N	\N	44
318	2025-02-26 21:27:11.089611-05	\N	\N	44
319	2025-02-26 21:27:13.541053-05	\N	\N	44
320	2025-02-26 21:27:32.410363-05	\N	\N	17
321	2025-02-26 21:27:47.330441-05	\N	\N	34
322	2025-02-26 21:27:50.778687-05	\N	\N	34
323	2025-02-27 19:27:34.862786-05	\N	\N	26
324	2025-02-27 19:27:50.087773-05	\N	\N	43
325	2025-02-27 19:27:54.987607-05	\N	\N	43
326	2025-02-27 23:23:14.910249-05	\N	\N	17
327	2025-02-28 12:28:31.518809-05	\N	\N	26
328	2025-02-28 12:28:34.912302-05	\N	\N	26
329	2025-02-28 16:59:25.013516-05	\N	\N	26
330	2025-02-28 19:48:23.068245-05	\N	\N	26
331	2025-02-28 21:08:21.973998-05	\N	\N	17
332	2025-02-28 21:08:26.49797-05	\N	\N	34
333	2025-02-28 21:08:28.596585-05	\N	\N	34
334	2025-02-28 21:08:30.028303-05	\N	\N	34
335	2025-02-28 21:08:47.795358-05	\N	\N	43
336	2025-02-28 21:08:50.794535-05	\N	\N	43
337	2025-02-28 21:08:52.458563-05	\N	\N	43
338	2025-03-01 15:33:43.448932-05	\N	\N	43
339	2025-03-01 15:33:46.071378-05	\N	\N	43
340	2025-03-01 15:33:47.571795-05	\N	\N	43
341	2025-03-01 18:14:39.978507-05	\N	\N	26
342	2025-03-01 18:14:42.550086-05	\N	\N	26
343	2025-03-01 23:55:58.437243-05	\N	\N	17
344	2025-03-02 12:57:20.302984-05	\N	\N	26
345	2025-03-02 12:57:27.487522-05	\N	\N	43
355	2025-03-02 17:16:06.867348-05	\N	\N	26
356	2025-03-02 19:37:38.318919-05	\N	\N	26
358	2025-03-02 21:18:34.591565-05	\N	\N	17
359	2025-03-02 21:18:51.542381-05	got job bot up and running	hooray!	36
360	2025-03-02 21:19:17.207766-05	\N	\N	34
361	2025-03-02 21:19:21.113991-05	\N	\N	34
362	2025-03-02 21:19:22.441607-05	\N	\N	34
363	2025-03-02 21:19:23.915009-05	\N	\N	34
364	2025-03-02 21:19:25.431638-05	\N	\N	34
365	2025-03-03 16:59:55.185387-05	\N	\N	26
366	2025-03-03 17:00:48.660496-05	\N	\N	43
367	2025-03-03 17:00:52.408916-05	\N	\N	43
368	2025-03-03 17:01:17.730575-05	Converging Website Developer Javascript	https://www.indeed.com/viewjob?from=app-tracker-post_apply-appcard&hl=en&jk=0571743c62b42b7f&tk=1ilf0cgbvj798800	36
369	2025-03-03 21:10:43.780422-05	\N	\N	43
370	2025-03-03 21:10:56.65338-05	\N	\N	34
371	2025-03-03 21:10:58.993501-05	\N	\N	34
372	2025-03-03 21:10:59.802253-05	\N	\N	34
373	2025-03-03 21:11:00.646681-05	\N	\N	34
374	2025-03-03 21:11:01.505947-05	\N	\N	34
375	2025-03-03 21:11:12.715654-05	\N	\N	17
376	2025-03-04 18:01:09.541646-05	\N	\N	43
377	2025-03-04 18:01:12.050265-05	\N	\N	43
378	2025-03-04 18:01:13.536789-05	\N	\N	43
379	2025-03-04 18:01:15.003613-05	\N	\N	43
380	2025-03-04 18:01:30.452777-05	\N	\N	26
381	2025-03-04 18:01:32.519131-05	\N	\N	26
382	2025-03-04 18:01:33.753733-05	\N	\N	26
383	2025-03-04 19:17:30.390798-05	\N	\N	43
384	2025-03-04 21:43:15.325219-05	\N	\N	17
385	2025-03-04 21:43:19.980053-05	\N	\N	34
386	2025-03-04 21:43:23.814708-05	\N	\N	34
387	2025-03-04 21:43:27.130695-05	\N	\N	34
388	2025-03-05 17:30:04.394839-05	\N	\N	43
389	2025-03-05 17:30:09.249787-05	\N	\N	43
391	2025-03-05 17:36:01.827647-05	\N	\N	26
392	2025-03-05 22:54:39.622879-05	\N	\N	17
393	2025-03-06 16:33:08.277835-05	\N	\N	26
394	2025-03-06 16:33:11.184081-05	\N	\N	26
395	2025-03-06 16:33:25.216797-05	\N	\N	43
396	2025-03-06 22:20:27.75985-05	\N	\N	43
397	2025-03-06 22:20:46.955975-05	\N	\N	17
398	2025-03-06 22:22:36.209968-05	\N	\N	43
399	2025-03-06 22:26:45.24936-05	\N	\N	47
400	2025-03-06 22:26:50.62049-05	\N	\N	47
401	2025-03-06 22:26:51.604263-05	\N	\N	47
402	2025-03-06 22:26:52.345092-05	\N	\N	47
403	2025-03-06 22:26:52.952171-05	\N	\N	47
404	2025-03-06 22:26:53.504035-05	\N	\N	47
405	2025-03-06 22:27:02.857762-05	\N	\N	47
406	2025-03-06 22:27:31.515589-05	\N	\N	48
407	2025-03-06 22:28:16.554907-05	\N	\N	49
408	2025-03-06 22:28:32.744695-05	\N	\N	50
409	2025-03-06 22:29:11.331151-05	\N	\N	51
410	2025-03-06 22:30:00.240359-05	\N	\N	52
411	2025-03-06 22:30:20.870621-05	\N	\N	53
412	2025-03-06 22:30:30.342054-05	\N	\N	54
413	2025-03-06 22:30:40.722601-05	\N	\N	55
414	2025-03-06 22:32:18.992699-05	\N	\N	56
415	2025-03-06 22:32:53.379089-05	\N	\N	57
416	2025-03-06 22:33:21.945294-05	\N	\N	57
417	2025-03-06 22:33:23.36739-05	\N	\N	57
418	2025-03-06 22:33:29.655602-05	\N	\N	57
419	2025-03-06 22:33:55.916876-05	\N	\N	56
420	2025-03-06 22:34:00.515321-05	\N	\N	56
421	2025-03-06 22:34:01.362237-05	\N	\N	56
422	2025-03-06 22:34:02.111289-05	\N	\N	56
423	2025-03-06 22:34:03.059025-05	\N	\N	56
424	2025-03-06 22:34:03.80968-05	\N	\N	56
425	2025-03-06 22:34:04.545912-05	\N	\N	56
426	2025-03-06 22:34:05.508767-05	\N	\N	56
427	2025-03-06 22:34:06.214626-05	\N	\N	56
428	2025-03-06 22:34:06.96314-05	\N	\N	56
429	2025-03-06 22:34:07.978675-05	\N	\N	56
430	2025-03-06 22:34:08.660248-05	\N	\N	56
431	2025-03-06 22:34:09.424368-05	\N	\N	56
432	2025-03-06 22:34:10.153428-05	\N	\N	56
433	2025-03-06 22:34:10.848769-05	\N	\N	56
434	2025-03-06 22:34:11.528802-05	\N	\N	56
435	2025-03-06 22:34:12.250367-05	\N	\N	56
436	2025-03-06 22:34:13.123766-05	\N	\N	56
437	2025-03-06 22:34:13.753321-05	\N	\N	56
438	2025-03-06 22:34:59.354686-05	\N	\N	55
439	2025-03-06 22:35:03.588119-05	\N	\N	55
440	2025-03-06 22:35:04.341745-05	\N	\N	55
441	2025-03-06 22:35:05.091052-05	\N	\N	55
442	2025-03-06 22:35:05.80979-05	\N	\N	55
443	2025-03-06 22:35:06.812418-05	\N	\N	55
444	2025-03-06 22:35:07.591872-05	\N	\N	55
445	2025-03-06 22:35:08.307353-05	\N	\N	55
446	2025-03-06 22:37:08.066201-05	\N	\N	34
447	2025-03-06 22:37:11.100553-05	\N	\N	34
448	2025-03-06 22:37:11.917386-05	\N	\N	34
449	2025-03-06 22:37:15.221486-05	\N	\N	34
450	2025-03-07 10:22:02.051716-05	\N	\N	34
451	2025-03-07 10:22:03.710251-05	\N	\N	34
452	2025-03-07 10:22:09.331178-05	\N	\N	17
453	2025-03-07 10:22:13.295352-05	\N	\N	26
454	2025-03-07 21:48:03.67551-05	\N	\N	34
455	2025-03-07 21:48:06.101151-05	\N	\N	34
456	2025-03-07 21:48:13.660124-05	\N	\N	34
457	2025-03-07 21:48:22.586323-05	\N	\N	43
458	2025-03-07 21:49:16.360411-05	\N	\N	55
459	2025-03-07 21:49:17.165244-05	\N	\N	55
460	2025-03-07 21:49:17.916222-05	\N	\N	55
461	2025-03-07 21:49:19.414264-05	\N	\N	55
462	2025-03-07 21:49:20.157806-05	\N	\N	55
463	2025-03-07 21:49:28.50494-05	\N	\N	56
464	2025-03-07 21:49:30.875108-05	\N	\N	56
465	2025-03-07 21:49:31.594342-05	\N	\N	56
466	2025-03-07 21:49:32.314674-05	\N	\N	56
467	2025-03-07 21:49:33.005209-05	\N	\N	56
468	2025-03-07 21:49:33.696721-05	\N	\N	56
469	2025-03-07 21:49:34.373098-05	\N	\N	56
470	2025-03-07 21:49:35.048782-05	\N	\N	56
471	2025-03-07 21:49:35.752387-05	\N	\N	56
472	2025-03-07 21:49:36.46144-05	\N	\N	56
473	2025-03-07 21:49:37.247664-05	\N	\N	56
474	2025-03-07 21:49:37.937426-05	\N	\N	56
475	2025-03-07 21:49:38.650653-05	\N	\N	56
476	2025-03-07 21:49:39.339374-05	\N	\N	56
477	2025-03-07 21:49:40.024145-05	\N	\N	56
478	2025-03-07 21:49:40.716866-05	\N	\N	56
479	2025-03-07 21:49:41.403782-05	\N	\N	56
480	2025-03-07 21:49:42.100969-05	\N	\N	56
481	2025-03-07 21:49:42.84598-05	\N	\N	56
482	2025-03-07 21:49:43.480904-05	\N	\N	56
483	2025-03-07 21:49:44.162725-05	\N	\N	56
484	2025-03-07 21:49:57.185979-05	\N	\N	57
485	2025-03-07 21:49:59.780058-05	\N	\N	57
486	2025-03-07 21:50:00.5012-05	\N	\N	57
487	2025-03-07 21:50:01.195252-05	\N	\N	57
488	2025-03-07 21:50:23.700282-05	\N	\N	54
489	2025-03-07 21:50:28.306814-05	\N	\N	54
490	2025-03-07 21:50:35.009709-05	\N	\N	52
491	2025-03-07 21:50:38.076089-05	\N	\N	52
492	2025-03-07 21:50:48.192369-05	\N	\N	50
493	2025-03-07 21:50:51.086855-05	\N	\N	50
494	2025-03-07 21:50:51.764841-05	\N	\N	50
495	2025-03-07 21:51:14.436179-05	\N	\N	47
496	2025-03-07 21:51:18.553488-05	\N	\N	47
497	2025-03-07 21:51:19.355287-05	\N	\N	47
498	2025-03-07 21:51:20.065778-05	\N	\N	47
499	2025-03-07 21:51:20.781377-05	\N	\N	47
500	2025-03-07 21:51:21.582124-05	\N	\N	47
501	2025-03-07 21:51:24.707293-05	\N	\N	47
502	2025-03-07 21:51:59.127026-05	\N	\N	49
503	2025-03-08 21:14:38.037517-05	\N	\N	43
504	2025-03-08 21:14:39.164878-05	\N	\N	43
505	2025-03-08 21:14:43.203812-05	\N	\N	34
506	2025-03-08 21:14:45.146828-05	\N	\N	34
507	2025-03-08 21:14:45.996282-05	\N	\N	34
508	2025-03-08 21:14:46.815723-05	\N	\N	34
509	2025-03-08 21:14:52.057268-05	\N	\N	26
510	2025-03-08 21:14:54.1598-05	\N	\N	26
511	2025-03-08 21:14:55.026059-05	\N	\N	26
513	2025-03-08 21:15:28.355244-05	\N	\N	35
514	2025-03-09 12:11:14.815363-04	\N	\N	26
515	2025-03-09 22:13:32.546239-04	\N	\N	26
516	2025-03-09 22:13:41.026047-04	\N	\N	34
517	2025-03-09 22:13:42.942519-04	\N	\N	34
518	2025-03-09 22:13:48.223318-04	\N	\N	43
519	2025-03-09 22:13:50.839919-04	\N	\N	17
520	2025-03-10 17:03:43.278432-04	\N	\N	43
521	2025-03-10 17:03:45.180322-04	\N	\N	43
522	2025-03-10 17:03:52.413545-04	\N	\N	26
528	2025-03-10 21:07:32.991414-04	\N	\N	17
529	2025-03-10 21:07:41.328239-04	\N	\N	34
530	2025-03-10 21:07:43.462481-04	\N	\N	34
531	2025-03-11 16:17:15.833215-04	\N	\N	58
532	2025-03-11 17:36:00.607919-04	\N	\N	26
533	2025-03-11 17:36:03.384437-04	\N	\N	26
534	2025-03-11 23:11:19.315066-04	\N	\N	58
535	2025-03-11 23:11:34.417729-04	\N	\N	34
536	2025-03-11 23:11:37.253112-04	\N	\N	34
537	2025-03-11 23:11:38.402666-04	\N	\N	34
538	2025-03-11 23:11:49.312178-04	\N	\N	43
539	2025-03-12 18:54:49.52517-04	\N	\N	43
540	2025-03-12 18:54:56.295705-04	\N	\N	58
541	2025-03-12 18:54:58.709511-04	\N	\N	58
542	2025-03-12 18:55:13.739304-04	\N	\N	26
543	2025-03-12 18:55:22.730772-04	\N	\N	44
544	2025-03-12 20:16:14.093478-04	\N	\N	17
545	2025-03-12 23:04:38.659025-04	\N	\N	44
546	2025-03-12 23:24:31.965932-04	\N	\N	34
547	2025-03-13 16:31:28.87128-04	\N	\N	26
548	2025-03-13 16:31:31.383254-04	\N	\N	26
549	2025-03-13 19:40:21.945683-04	\N	\N	58
550	2025-03-13 19:40:23.878238-04	\N	\N	58
551	2025-03-13 19:40:33.709874-04	\N	\N	43
552	2025-03-13 19:40:35.761184-04	\N	\N	43
553	2025-03-13 19:40:36.533363-04	\N	\N	43
554	2025-03-13 19:40:38.705616-04	\N	\N	43
555	2025-03-13 21:13:34.55825-04	\N	\N	17
556	2025-03-13 21:54:25.785246-04	\N	\N	34
557	2025-03-13 22:41:24.904695-04	\N	\N	34
558	2025-03-13 22:56:51.812163-04	\N	\N	34
559	2025-03-13 22:56:53.38399-04	\N	\N	34
560	2025-03-14 14:17:11.616584-04	\N	\N	43
561	2025-03-14 14:17:14.522093-04	\N	\N	58
562	2025-03-14 14:17:16.422555-04	\N	\N	58
563	2025-03-14 14:17:17.788829-04	\N	\N	58
564	2025-03-14 14:17:27.324079-04	\N	\N	26
565	2025-03-14 22:03:39.272431-04	\N	\N	26
566	2025-03-14 22:03:52.248847-04	\N	\N	34
567	2025-03-14 22:03:54.767354-04	\N	\N	34
568	2025-03-14 22:03:56.007935-04	\N	\N	34
569	2025-03-14 22:03:59.011439-04	\N	\N	34
570	2025-03-14 22:04:07.447405-04	\N	\N	17
571	2025-03-15 16:06:59.265807-04	\N	\N	43
572	2025-03-15 16:07:01.250642-04	\N	\N	43
573	2025-03-15 16:55:59.059064-04	\N	\N	58
574	2025-03-15 23:50:59.745069-04	\N	\N	17
575	2025-03-15 23:51:09.792263-04	\N	\N	39
576	2025-03-15 23:51:15.779002-04	\N	\N	39
577	2025-03-15 23:51:16.619137-04	\N	\N	39
578	2025-03-15 23:51:17.719235-04	\N	\N	39
579	2025-03-15 23:51:24.429142-04	\N	\N	39
580	2025-03-16 13:53:01.325021-04	\N	\N	34
581	2025-03-16 13:53:04.114475-04	\N	\N	34
582	2025-03-16 13:53:09.218829-04	\N	\N	26
583	2025-03-16 20:49:40.852023-04	\N	\N	26
584	2025-03-16 20:49:48.188345-04	\N	\N	17
585	2025-03-16 20:49:51.955469-04	\N	\N	58
586	2025-03-16 20:49:54.123197-04	\N	\N	58
587	2025-03-16 20:50:01.573814-04	\N	\N	43
588	2025-03-16 20:50:53.168514-04	\N	\N	34
589	2025-03-16 20:50:58.120908-04	\N	\N	34
590	2025-03-16 20:51:18.023584-04	\N	\N	34
591	2025-03-17 16:33:14.215267-04	\N	\N	43
592	2025-03-17 16:33:15.94309-04	\N	\N	43
593	2025-03-17 16:33:21.363196-04	\N	\N	43
594	2025-03-17 18:35:23.815586-04	\N	\N	58
595	2025-03-17 18:35:26.72729-04	\N	\N	58
596	2025-03-17 18:43:24.385835-04	\N	\N	26
597	2025-03-17 20:30:56.197168-04	\N	\N	43
598	2025-03-17 20:31:02.792979-04	\N	\N	17
599	2025-03-17 20:31:06.339236-04	\N	\N	39
600	2025-03-18 15:29:50.26078-04	\N	\N	43
601	2025-03-18 15:29:52.425848-04	\N	\N	43
602	2025-03-18 18:19:12.791445-04	\N	\N	58
603	2025-03-18 21:31:33.154337-04	\N	\N	26
604	2025-03-18 21:31:38.097034-04	\N	\N	26
605	2025-03-18 21:31:46.682393-04	\N	\N	34
606	2025-03-18 21:31:49.901803-04	\N	\N	34
607	2025-03-18 21:31:52.130263-04	\N	\N	34
608	2025-03-19 16:51:44.85074-04	\N	\N	43
609	2025-03-19 16:51:56.285636-04	\N	\N	43
610	2025-03-19 18:22:40.014223-04	\N	\N	26
611	2025-03-19 18:22:47.182862-04	\N	\N	58
612	2025-03-19 19:26:41.990251-04	\N	\N	39
613	2025-03-19 21:16:50.160559-04	\N	\N	34
614	2025-03-19 21:16:53.179084-04	\N	\N	34
615	2025-03-19 21:17:01.176266-04	\N	\N	17
616	2025-03-20 15:56:27.535588-04	\N	\N	43
617	2025-03-20 21:21:10.922331-04	\N	\N	17
618	2025-03-20 21:21:19.195925-04	\N	\N	58
619	2025-03-20 21:21:32.717937-04	\N	\N	26
620	2025-03-20 21:40:22.509935-04	\N	\N	58
621	2025-03-20 21:41:21.961975-04	\N	\N	34
622	2025-03-21 16:03:02.935245-04	\N	\N	26
623	2025-03-21 16:03:08.721448-04	\N	\N	43
624	2025-03-21 16:03:11.682579-04	\N	\N	43
625	2025-03-21 16:03:21.500879-04	\N	\N	43
626	2025-03-21 18:03:02.699953-04	\N	\N	58
627	2025-03-21 18:03:05.378328-04	\N	\N	58
628	2025-03-21 20:33:03.867546-04	\N	\N	34
629	2025-03-21 20:33:06.046378-04	\N	\N	34
630	2025-03-21 20:33:08.213208-04	\N	\N	34
631	2025-03-21 20:33:10.481673-04	\N	\N	34
632	2025-03-21 20:33:18.27381-04	\N	\N	17
633	2025-03-22 16:58:59.127444-04	\N	\N	43
634	2025-03-22 16:59:01.733444-04	\N	\N	43
635	2025-03-22 16:59:02.584548-04	\N	\N	43
636	2025-03-22 17:31:16.648076-04	\N	\N	26
637	2025-03-22 17:59:09.048276-04	\N	\N	58
638	2025-03-23 09:53:15.371409-04	\N	\N	26
639	2025-03-23 13:32:59.743448-04	\N	\N	58
640	2025-03-23 13:33:02.085934-04	\N	\N	58
641	2025-03-23 14:53:03.827276-04	\N	\N	43
642	2025-03-23 14:53:06.66063-04	\N	\N	43
643	2025-03-23 21:41:51.215419-04	\N	\N	43
644	2025-03-23 21:41:55.001596-04	\N	\N	43
645	2025-03-23 21:42:13.965608-04	\N	\N	17
646	2025-03-23 21:42:17.765975-04	\N	\N	34
647	2025-03-23 21:42:29.035557-04	\N	\N	34
648	2025-03-24 15:32:49.003132-04	\N	\N	43
649	2025-03-24 15:32:51.275522-04	\N	\N	43
650	2025-03-24 15:32:52.116145-04	\N	\N	43
651	2025-03-24 18:23:03.610473-04	\N	\N	58
652	2025-03-24 18:23:05.75761-04	\N	\N	58
653	2025-03-24 20:43:05.851118-04	\N	\N	34
654	2025-03-24 20:43:08.286547-04	\N	\N	34
655	2025-03-24 20:43:16.096824-04	\N	\N	17
656	2025-03-24 20:43:24.90161-04	\N	\N	26
657	2025-03-25 17:34:12.870758-04	\N	\N	43
658	2025-03-25 17:34:17.957184-04	\N	\N	43
659	2025-03-25 18:24:49.975102-04	\N	\N	26
660	2025-03-25 18:24:58.22367-04	\N	\N	58
661	2025-03-25 20:51:42.234474-04	\N	\N	17
662	2025-03-25 20:51:45.779277-04	\N	\N	34
663	2025-03-25 20:51:50.096237-04	\N	\N	34
664	2025-03-26 16:38:35.585633-04	\N	\N	43
665	2025-03-26 16:38:37.906554-04	\N	\N	43
666	2025-03-26 16:38:39.308949-04	\N	\N	43
667	2025-03-26 16:38:41.141932-04	\N	\N	43
668	2025-03-26 16:57:01.505072-04	\N	\N	26
669	2025-03-26 17:42:08.767548-04	\N	\N	58
670	2025-03-26 20:41:14.631837-04	\N	\N	17
671	2025-03-26 20:41:28.835065-04	\N	\N	34
672	2025-03-26 20:41:31.590458-04	\N	\N	34
673	2025-03-26 20:41:32.446332-04	\N	\N	34
674	2025-03-26 20:41:37.492708-04	\N	\N	34
675	2025-03-26 20:41:38.339045-04	\N	\N	34
676	2025-03-26 20:53:07.943051-04	\N	\N	44
677	2025-03-27 15:27:14.804102-04	\N	\N	44
678	2025-03-27 15:27:16.215652-04	\N	\N	44
679	2025-03-27 15:27:17.023137-04	\N	\N	44
680	2025-03-27 15:27:28.303102-04	\N	\N	26
681	2025-03-27 15:27:30.372111-04	\N	\N	26
682	2025-03-27 15:27:31.249005-04	\N	\N	26
683	2025-03-27 19:02:20.665386-04	\N	\N	58
684	2025-03-27 19:09:36.980049-04	\N	\N	26
685	2025-03-27 19:10:22.841385-04	\N	\N	43
686	2025-03-27 19:10:25.681584-04	\N	\N	43
687	2025-03-27 19:10:26.858646-04	\N	\N	43
688	2025-03-28 17:48:32.256115-04	\N	\N	43
689	2025-03-28 17:48:34.868219-04	\N	\N	43
690	2025-03-28 17:48:39.452116-04	\N	\N	26
691	2025-03-28 18:50:09.06047-04	\N	\N	58
692	2025-03-28 20:46:55.032005-04	\N	\N	34
693	2025-03-28 20:46:58.180417-04	\N	\N	34
694	2025-03-28 20:47:13.496289-04	\N	\N	17
695	2025-03-29 16:58:31.055849-04	\N	\N	43
696	2025-03-29 16:58:33.477551-04	\N	\N	43
697	2025-03-29 16:58:34.407609-04	\N	\N	43
698	2025-03-29 17:28:41.809645-04	\N	\N	26
699	2025-03-29 18:19:19.295228-04	\N	\N	58
700	2025-03-30 10:21:45.872473-04	\N	\N	58
701	2025-03-30 10:22:02.88216-04	\N	\N	26
702	2025-03-30 10:22:15.351129-04	\N	\N	43
703	2025-03-30 10:22:18.768261-04	\N	\N	43
704	2025-03-30 10:22:41.699943-04	\N	\N	59
705	2025-03-30 10:22:44.045062-04	\N	\N	59
706	2025-03-30 10:22:48.474894-04	\N	\N	59
707	2025-03-30 19:11:22.504988-04	\N	\N	26
708	2025-03-30 20:09:17.563768-04	\N	\N	17
709	2025-03-31 14:46:35.537554-04	\N	\N	59
710	2025-03-31 18:07:43.274438-04	\N	\N	26
711	2025-03-31 18:07:49.863058-04	\N	\N	43
712	2025-03-31 18:07:52.18251-04	\N	\N	43
713	2025-03-31 18:08:11.699749-04	\N	\N	58
714	2025-03-31 18:46:11.447385-04	\N	\N	26
715	2025-03-31 20:52:50.817037-04	\N	\N	43
716	2025-03-31 20:53:03.03942-04	\N	\N	17
717	2025-03-31 20:53:58.92264-04	\N	\N	34
718	2025-03-31 20:54:01.587663-04	\N	\N	34
719	2025-03-31 20:54:07.574535-04	\N	\N	26
720	2025-04-01 18:27:20.237816-04	\N	\N	43
721	2025-04-01 18:27:22.330156-04	\N	\N	43
722	2025-04-01 18:27:23.278604-04	\N	\N	43
723	2025-04-01 18:27:24.560024-04	\N	\N	43
724	2025-04-01 19:18:53.514627-04	\N	\N	26
725	2025-04-01 19:41:24.937415-04	\N	\N	58
726	2025-04-01 20:53:19.17307-04	\N	\N	17
727	2025-04-01 21:00:02.776079-04	\N	\N	34
728	2025-04-01 21:00:04.946063-04	\N	\N	34
729	2025-04-02 16:12:19.007298-04	\N	\N	26
730	2025-04-02 21:25:57.908423-04	\N	\N	17
731	2025-04-02 21:26:09.2021-04	\N	\N	58
732	2025-04-02 21:26:16.174633-04	\N	\N	43
733	2025-04-02 21:26:18.337177-04	\N	\N	43
734	2025-04-02 21:26:19.23163-04	\N	\N	43
735	2025-04-02 21:26:20.805077-04	\N	\N	43
736	2025-04-02 21:27:00.736164-04	\N	\N	26
737	2025-04-03 16:36:46.929768-04	\N	\N	26
738	2025-04-03 16:36:51.872936-04	\N	\N	43
739	2025-04-03 17:22:11.253487-04	\N	\N	58
740	2025-04-03 18:06:35.303125-04	\N	\N	58
741	2025-04-03 18:13:51.109921-04	\N	\N	26
742	2025-04-03 21:21:52.01925-04	\N	\N	17
743	2025-04-03 21:22:00.498616-04	\N	\N	34
744	2025-04-03 21:22:03.313988-04	\N	\N	34
745	2025-04-04 16:31:25.793174-04	\N	\N	43
746	2025-04-04 16:31:30.256939-04	\N	\N	43
747	2025-04-04 17:06:31.365602-04	\N	\N	26
748	2025-04-04 18:31:33.861182-04	\N	\N	58
749	2025-04-04 20:48:11.213316-04	\N	\N	17
750	2025-04-05 17:50:14.993131-04	\N	\N	58
751	2025-04-05 17:50:19.7752-04	\N	\N	43
752	2025-04-05 17:50:21.741067-04	\N	\N	43
753	2025-04-05 17:50:22.630086-04	\N	\N	43
754	2025-04-05 17:50:24.010984-04	\N	\N	43
755	2025-04-06 19:04:33.516773-04	\N	\N	43
756	2025-04-06 19:04:34.76177-04	\N	\N	43
757	2025-04-06 19:04:35.690316-04	\N	\N	43
758	2025-04-06 19:04:39.912349-04	\N	\N	58
759	2025-04-06 19:04:52.387178-04	\N	\N	26
760	2025-04-06 19:04:55.412409-04	\N	\N	26
761	2025-04-06 19:05:08.18212-04	\N	\N	34
762	2025-04-06 19:05:11.060938-04	\N	\N	34
763	2025-04-07 15:42:41.35176-04	\N	\N	43
764	2025-04-07 15:42:43.530249-04	\N	\N	43
765	2025-04-07 15:42:45.080177-04	\N	\N	43
766	2025-04-07 15:42:49.334848-04	\N	\N	43
767	2025-04-07 15:43:39.932829-04	\N	\N	44
768	2025-04-07 16:27:22.956727-04	\N	\N	58
769	2025-04-07 17:21:27.300241-04	\N	\N	58
770	2025-04-07 21:14:19.764397-04	\N	\N	17
771	2025-04-08 15:18:48.627211-04	\N	\N	26
772	2025-04-08 17:48:36.126922-04	accel claims final interview	got offer letter!!	42
773	2025-04-08 19:30:20.777335-04	\N	\N	58
774	2025-04-08 20:48:31.26908-04	\N	\N	43
775	2025-04-08 20:48:34.364596-04	\N	\N	43
776	2025-04-09 18:51:36.798244-04	\N	\N	43
777	2025-04-09 18:51:46.888741-04	\N	\N	58
778	2025-04-09 18:51:53.658272-04	\N	\N	26
779	2025-04-09 21:15:16.835814-04	\N	\N	26
780	2025-04-09 21:15:29.403201-04	\N	\N	34
781	2025-04-10 15:26:09.5552-04	\N	\N	26
782	2025-04-10 15:26:28.262257-04	\N	\N	43
783	2025-04-10 15:26:30.503024-04	\N	\N	43
784	2025-04-10 17:52:02.440523-04	\N	\N	26
785	2025-04-10 19:14:38.250364-04	\N	\N	26
786	2025-04-10 20:53:40.775157-04	\N	\N	58
787	2025-04-10 20:54:16.278609-04	\N	\N	34
788	2025-04-10 20:54:18.387995-04	\N	\N	34
789	2025-04-10 20:54:23.688502-04	\N	\N	17
790	2025-04-11 16:00:15.887284-04	\N	\N	58
791	2025-04-11 21:29:38.194052-04	\N	\N	17
792	2025-04-11 21:29:43.640866-04	\N	\N	34
793	2025-04-11 21:29:45.371227-04	\N	\N	34
794	2025-04-11 21:29:54.215812-04	\N	\N	26
795	2025-04-11 21:30:13.67204-04	\N	\N	43
796	2025-04-11 21:30:32.251453-04	\N	\N	39
797	2025-04-12 12:35:35.986278-04	\N	\N	43
798	2025-04-12 12:35:45.847557-04	\N	\N	58
799	2025-04-12 12:36:12.24619-04	\N	\N	44
800	2025-04-12 12:45:34.758188-04	\N	\N	26
801	2025-04-12 22:40:51.391374-04	\N	\N	26
802	2025-04-13 16:43:36.826772-04	\N	\N	26
803	2025-04-13 16:43:38.455305-04	\N	\N	26
804	2025-04-13 16:43:40.174337-04	\N	\N	26
805	2025-04-13 18:00:47.364263-04	\N	\N	58
806	2025-04-13 18:00:55.51947-04	\N	\N	43
807	2025-04-13 18:01:14.6355-04	\N	\N	34
808	2025-04-13 18:01:17.003145-04	\N	\N	34
809	2025-04-13 21:01:46.955371-04	\N	\N	34
810	2025-04-13 21:01:48.418765-04	\N	\N	34
811	2025-04-13 21:01:58.723392-04	\N	\N	17
812	2025-04-13 21:02:21.799438-04	\N	\N	60
813	2025-04-13 21:02:24.081508-04	\N	\N	60
814	2025-04-13 21:02:25.041813-04	\N	\N	60
815	2025-04-13 21:02:26.147068-04	\N	\N	60
816	2025-04-13 21:02:27.102303-04	\N	\N	60
817	2025-04-13 21:02:28.141195-04	\N	\N	60
818	2025-04-13 21:02:29.567192-04	\N	\N	60
819	2025-04-13 21:02:30.502087-04	\N	\N	60
820	2025-04-13 21:02:38.185043-04	\N	\N	60
821	2025-04-13 21:02:40.21825-04	\N	\N	60
822	2025-04-14 06:37:35.13803-04	\N	\N	60
823	2025-04-14 06:37:36.435413-04	\N	\N	60
824	2025-04-14 06:37:37.38121-04	\N	\N	60
825	2025-04-14 15:53:21.348071-04	\N	\N	60
826	2025-04-14 17:25:31.050859-04	\N	\N	58
827	2025-04-14 17:25:33.793762-04	\N	\N	58
828	2025-04-14 17:25:35.128939-04	\N	\N	58
829	2025-04-14 17:26:07.177532-04	\N	\N	26
830	2025-04-14 20:52:25.455946-04	\N	\N	60
831	2025-04-14 20:52:30.411144-04	\N	\N	17
832	2025-04-14 20:52:40.98493-04	\N	\N	34
833	2025-04-14 20:52:43.087817-04	\N	\N	34
834	2025-04-14 20:52:53.098707-04	\N	\N	43
835	2025-04-15 15:22:38.451274-04	\N	\N	43
836	2025-04-15 15:22:45.094343-04	\N	\N	60
837	2025-04-15 15:22:46.97631-04	\N	\N	60
838	2025-04-15 15:22:47.897091-04	\N	\N	60
839	2025-04-15 15:22:48.873372-04	\N	\N	60
840	2025-04-15 15:22:49.845864-04	\N	\N	60
841	2025-04-15 19:36:22.866643-04	\N	\N	34
842	2025-04-15 19:36:25.28918-04	\N	\N	34
843	2025-04-15 19:36:27.474795-04	\N	\N	34
844	2025-04-15 22:59:19.926739-04	\N	\N	61
845	2025-04-15 22:59:34.374172-04	\N	\N	17
846	2025-04-15 22:59:49.963446-04	\N	\N	26
847	2025-04-15 22:59:52.826779-04	\N	\N	26
848	2025-04-16 19:38:56.757968-04	\N	\N	26
849	2025-04-16 19:39:03.230616-04	\N	\N	60
850	2025-04-16 19:39:05.859828-04	\N	\N	60
851	2025-04-16 19:39:07.828414-04	\N	\N	60
852	2025-04-16 19:39:20.304848-04	\N	\N	43
853	2025-04-16 22:01:10.741684-04	\N	\N	17
856	2025-04-16 22:56:09.146246-04	\N	\N	63
857	2025-04-16 23:02:54.176127-04	\N	\N	34
858	2025-04-16 23:03:07.978344-04	\N	\N	34
859	2025-04-16 23:03:12.946318-04	\N	\N	34
860	2025-04-16 23:30:08.310436-04	\N	\N	26
861	2025-04-17 12:43:57.059265-04	\N	\N	26
862	2025-04-17 12:43:59.140718-04	\N	\N	26
863	2025-04-17 12:44:08.014394-04	\N	\N	43
864	2025-04-17 12:44:12.271171-04	\N	\N	60
865	2025-04-17 14:47:08.815344-04	\N	\N	26
866	2025-04-17 19:33:07.102183-04	\N	\N	60
867	2025-04-17 19:33:14.487865-04	\N	\N	60
868	2025-04-17 22:54:16.812058-04	\N	\N	17
869	2025-04-17 23:01:57.379688-04	\N	\N	34
870	2025-04-17 23:02:03.28274-04	\N	\N	34
871	2025-04-18 16:01:43.402595-04	\N	\N	60
872	2025-04-18 16:02:07.965247-04	\N	\N	26
873	2025-04-18 16:02:10.403148-04	\N	\N	43
874	2025-04-18 16:02:26.44708-04	\N	\N	26
\.


--
-- Data for Name: core_repo; Type: TABLE DATA; Schema: public; Owner: adam
--

COPY public.core_repo (id, name, notes_enabled, created_at, user_id, updated_at) FROM stdin;
1	Habit Tracker	t	2024-01-01 03:00:00-05	1	2025-01-23 23:38:45.014917-05
2	Reading Log	f	2024-01-01 04:00:00-05	1	2025-01-23 23:38:45.014917-05
3	Daily Journal	t	2024-01-01 05:00:00-05	1	2025-01-23 23:38:45.014917-05
57	mood 1-5	f	2025-03-06 22:32:53.377201-05	17	2025-03-07 21:50:01.199039-05
8	testreponotesenabled	t	2025-01-03 11:02:18.82143-05	4	2025-01-23 23:38:45.014917-05
54	healthful food	f	2025-03-06 22:30:30.34076-05	17	2025-03-07 21:50:28.308996-05
52	coffee	f	2025-03-06 22:30:00.238062-05	17	2025-03-07 21:50:38.078244-05
9	testreponotesdisabled	f	2025-01-03 11:02:34.332466-05	4	2025-01-24 13:32:58.898496-05
15	testrepo4	f	2025-01-24 13:51:07.323938-05	4	2025-01-24 13:51:07.328234-05
14	testrepo3	f	2025-01-24 13:47:37.811326-05	4	2025-01-24 13:51:34.515467-05
50	headache pain 1-5	f	2025-03-06 22:28:32.743185-05	17	2025-03-07 21:50:51.766185-05
61	yo mama	f	2025-04-15 22:59:19.920691-04	15	2025-04-15 22:59:19.929593-04
47	back pain 1-10	f	2025-03-06 22:26:45.243124-05	17	2025-03-07 21:51:24.709472-05
38	weed	f	2025-02-09 22:13:57.202818-05	15	2025-02-09 22:14:01.574926-05
49	art	f	2025-03-06 22:28:16.55296-05	17	2025-03-07 21:51:59.129154-05
36	job searching	t	2025-02-07 21:17:45.105359-05	15	2025-03-03 17:01:17.733135-05
28	testtest	f	2025-01-28 20:51:48.074266-05	16	2025-01-28 20:57:50.453011-05
39	drinking	f	2025-02-09 22:14:20.987021-05	15	2025-04-11 21:30:32.253942-04
35	video games	f	2025-02-07 21:16:06.004347-05	15	2025-03-08 21:15:28.358107-05
44	headache pain 1-5	f	2025-02-26 21:27:06.576407-05	15	2025-04-12 12:36:12.249618-04
63	journaling	f	2025-04-16 22:56:09.144069-04	15	2025-04-16 22:56:09.147591-04
18	workout repo	f	2025-01-24 21:19:35.333307-05	15	2025-01-29 19:23:50.226767-05
17	flossing repo	f	2025-01-24 21:19:26.721592-05	15	2025-04-17 22:54:16.820044-04
34	reading	f	2025-02-07 21:15:56.445716-05	15	2025-04-17 23:02:03.284221-04
60	sugar (by 10gs)	f	2025-04-13 21:02:21.793386-04	15	2025-04-18 16:01:43.411087-04
43	stress level 1-5	f	2025-02-26 15:05:00.756011-05	15	2025-04-18 16:02:10.405326-04
26	scrolling	f	2025-01-27 21:43:38.251278-05	15	2025-04-18 16:02:26.448817-04
55	sleep	f	2025-03-06 22:30:40.720248-05	17	2025-03-07 21:49:20.159938-05
48	reading	f	2025-03-06 22:27:31.513163-05	17	2025-03-06 22:27:31.517227-05
58	leetcode 150	f	2025-03-11 16:17:15.824445-04	15	2025-04-14 17:25:35.130794-04
59	test	f	2025-03-30 10:22:41.694847-04	15	2025-03-31 14:46:35.54809-04
51	workouts	t	2025-03-06 22:29:11.328568-05	17	2025-03-06 22:29:11.332652-05
53	junk food	f	2025-03-06 22:30:20.868397-05	17	2025-03-06 22:30:20.872249-05
42	interviews	t	2025-02-19 22:10:47.971507-05	15	2025-04-08 17:48:36.173342-04
56	vaping	f	2025-03-06 22:32:18.990191-05	17	2025-03-07 21:49:44.164149-05
\.


--
-- Data for Name: django_admin_log; Type: TABLE DATA; Schema: public; Owner: adam
--

COPY public.django_admin_log (id, action_time, object_id, object_repr, action_flag, change_message, content_type_id, user_id) FROM stdin;
\.


--
-- Data for Name: django_content_type; Type: TABLE DATA; Schema: public; Owner: adam
--

COPY public.django_content_type (id, app_label, model) FROM stdin;
1	admin	logentry
2	auth	permission
3	auth	group
4	auth	user
5	contenttypes	contenttype
6	sessions	session
7	core	repo
8	core	commit
\.


--
-- Data for Name: django_migrations; Type: TABLE DATA; Schema: public; Owner: adam
--

COPY public.django_migrations (id, app, name, applied) FROM stdin;
1	contenttypes	0001_initial	2024-12-12 16:14:16.550515-05
2	auth	0001_initial	2024-12-12 16:14:16.607922-05
3	admin	0001_initial	2024-12-12 16:14:16.622257-05
4	admin	0002_logentry_remove_auto_add	2024-12-12 16:14:16.62638-05
5	admin	0003_logentry_add_action_flag_choices	2024-12-12 16:14:16.630967-05
6	contenttypes	0002_remove_content_type_name	2024-12-12 16:14:16.639375-05
7	auth	0002_alter_permission_name_max_length	2024-12-12 16:14:16.643265-05
8	auth	0003_alter_user_email_max_length	2024-12-12 16:14:16.64704-05
9	auth	0004_alter_user_username_opts	2024-12-12 16:14:16.650338-05
10	auth	0005_alter_user_last_login_null	2024-12-12 16:14:16.653909-05
11	auth	0006_require_contenttypes_0002	2024-12-12 16:14:16.654598-05
12	auth	0007_alter_validators_add_error_messages	2024-12-12 16:14:16.657745-05
13	auth	0008_alter_user_username_max_length	2024-12-12 16:14:16.666399-05
14	auth	0009_alter_user_last_name_max_length	2024-12-12 16:14:16.671596-05
15	auth	0010_alter_group_name_max_length	2024-12-12 16:14:16.67658-05
16	auth	0011_update_proxy_permissions	2024-12-12 16:14:16.679534-05
17	auth	0012_alter_user_first_name_max_length	2024-12-12 16:14:16.682839-05
18	core	0001_initial	2024-12-12 16:14:16.704747-05
19	sessions	0001_initial	2024-12-12 16:14:16.714009-05
20	core	0002_repo_updated_at_alter_repo_unique_together	2025-01-23 23:38:45.043611-05
\.


--
-- Data for Name: django_session; Type: TABLE DATA; Schema: public; Owner: adam
--

COPY public.django_session (session_key, session_data, expire_date) FROM stdin;
\.


--
-- Name: auth_group_id_seq; Type: SEQUENCE SET; Schema: public; Owner: adam
--

SELECT pg_catalog.setval('public.auth_group_id_seq', 1, false);


--
-- Name: auth_group_permissions_id_seq; Type: SEQUENCE SET; Schema: public; Owner: adam
--

SELECT pg_catalog.setval('public.auth_group_permissions_id_seq', 1, false);


--
-- Name: auth_permission_id_seq; Type: SEQUENCE SET; Schema: public; Owner: adam
--

SELECT pg_catalog.setval('public.auth_permission_id_seq', 32, true);


--
-- Name: auth_user_groups_id_seq; Type: SEQUENCE SET; Schema: public; Owner: adam
--

SELECT pg_catalog.setval('public.auth_user_groups_id_seq', 1, false);


--
-- Name: auth_user_id_seq; Type: SEQUENCE SET; Schema: public; Owner: adam
--

SELECT pg_catalog.setval('public.auth_user_id_seq', 17, true);


--
-- Name: auth_user_user_permissions_id_seq; Type: SEQUENCE SET; Schema: public; Owner: adam
--

SELECT pg_catalog.setval('public.auth_user_user_permissions_id_seq', 1, false);


--
-- Name: core_commit_id_seq; Type: SEQUENCE SET; Schema: public; Owner: adam
--

SELECT pg_catalog.setval('public.core_commit_id_seq', 874, true);


--
-- Name: core_repo_id_seq; Type: SEQUENCE SET; Schema: public; Owner: adam
--

SELECT pg_catalog.setval('public.core_repo_id_seq', 63, true);


--
-- Name: django_admin_log_id_seq; Type: SEQUENCE SET; Schema: public; Owner: adam
--

SELECT pg_catalog.setval('public.django_admin_log_id_seq', 1, false);


--
-- Name: django_content_type_id_seq; Type: SEQUENCE SET; Schema: public; Owner: adam
--

SELECT pg_catalog.setval('public.django_content_type_id_seq', 8, true);


--
-- Name: django_migrations_id_seq; Type: SEQUENCE SET; Schema: public; Owner: adam
--

SELECT pg_catalog.setval('public.django_migrations_id_seq', 20, true);


--
-- Name: auth_group auth_group_name_key; Type: CONSTRAINT; Schema: public; Owner: adam
--

ALTER TABLE ONLY public.auth_group
    ADD CONSTRAINT auth_group_name_key UNIQUE (name);


--
-- Name: auth_group_permissions auth_group_permissions_group_id_permission_id_0cd325b0_uniq; Type: CONSTRAINT; Schema: public; Owner: adam
--

ALTER TABLE ONLY public.auth_group_permissions
    ADD CONSTRAINT auth_group_permissions_group_id_permission_id_0cd325b0_uniq UNIQUE (group_id, permission_id);


--
-- Name: auth_group_permissions auth_group_permissions_pkey; Type: CONSTRAINT; Schema: public; Owner: adam
--

ALTER TABLE ONLY public.auth_group_permissions
    ADD CONSTRAINT auth_group_permissions_pkey PRIMARY KEY (id);


--
-- Name: auth_group auth_group_pkey; Type: CONSTRAINT; Schema: public; Owner: adam
--

ALTER TABLE ONLY public.auth_group
    ADD CONSTRAINT auth_group_pkey PRIMARY KEY (id);


--
-- Name: auth_permission auth_permission_content_type_id_codename_01ab375a_uniq; Type: CONSTRAINT; Schema: public; Owner: adam
--

ALTER TABLE ONLY public.auth_permission
    ADD CONSTRAINT auth_permission_content_type_id_codename_01ab375a_uniq UNIQUE (content_type_id, codename);


--
-- Name: auth_permission auth_permission_pkey; Type: CONSTRAINT; Schema: public; Owner: adam
--

ALTER TABLE ONLY public.auth_permission
    ADD CONSTRAINT auth_permission_pkey PRIMARY KEY (id);


--
-- Name: auth_user_groups auth_user_groups_pkey; Type: CONSTRAINT; Schema: public; Owner: adam
--

ALTER TABLE ONLY public.auth_user_groups
    ADD CONSTRAINT auth_user_groups_pkey PRIMARY KEY (id);


--
-- Name: auth_user_groups auth_user_groups_user_id_group_id_94350c0c_uniq; Type: CONSTRAINT; Schema: public; Owner: adam
--

ALTER TABLE ONLY public.auth_user_groups
    ADD CONSTRAINT auth_user_groups_user_id_group_id_94350c0c_uniq UNIQUE (user_id, group_id);


--
-- Name: auth_user auth_user_pkey; Type: CONSTRAINT; Schema: public; Owner: adam
--

ALTER TABLE ONLY public.auth_user
    ADD CONSTRAINT auth_user_pkey PRIMARY KEY (id);


--
-- Name: auth_user_user_permissions auth_user_user_permissions_pkey; Type: CONSTRAINT; Schema: public; Owner: adam
--

ALTER TABLE ONLY public.auth_user_user_permissions
    ADD CONSTRAINT auth_user_user_permissions_pkey PRIMARY KEY (id);


--
-- Name: auth_user_user_permissions auth_user_user_permissions_user_id_permission_id_14a6b632_uniq; Type: CONSTRAINT; Schema: public; Owner: adam
--

ALTER TABLE ONLY public.auth_user_user_permissions
    ADD CONSTRAINT auth_user_user_permissions_user_id_permission_id_14a6b632_uniq UNIQUE (user_id, permission_id);


--
-- Name: auth_user auth_user_username_key; Type: CONSTRAINT; Schema: public; Owner: adam
--

ALTER TABLE ONLY public.auth_user
    ADD CONSTRAINT auth_user_username_key UNIQUE (username);


--
-- Name: core_commit core_commit_pkey; Type: CONSTRAINT; Schema: public; Owner: adam
--

ALTER TABLE ONLY public.core_commit
    ADD CONSTRAINT core_commit_pkey PRIMARY KEY (id);


--
-- Name: core_repo core_repo_pkey; Type: CONSTRAINT; Schema: public; Owner: adam
--

ALTER TABLE ONLY public.core_repo
    ADD CONSTRAINT core_repo_pkey PRIMARY KEY (id);


--
-- Name: core_repo core_repo_user_id_name_3a90e9e7_uniq; Type: CONSTRAINT; Schema: public; Owner: adam
--

ALTER TABLE ONLY public.core_repo
    ADD CONSTRAINT core_repo_user_id_name_3a90e9e7_uniq UNIQUE (user_id, name);


--
-- Name: django_admin_log django_admin_log_pkey; Type: CONSTRAINT; Schema: public; Owner: adam
--

ALTER TABLE ONLY public.django_admin_log
    ADD CONSTRAINT django_admin_log_pkey PRIMARY KEY (id);


--
-- Name: django_content_type django_content_type_app_label_model_76bd3d3b_uniq; Type: CONSTRAINT; Schema: public; Owner: adam
--

ALTER TABLE ONLY public.django_content_type
    ADD CONSTRAINT django_content_type_app_label_model_76bd3d3b_uniq UNIQUE (app_label, model);


--
-- Name: django_content_type django_content_type_pkey; Type: CONSTRAINT; Schema: public; Owner: adam
--

ALTER TABLE ONLY public.django_content_type
    ADD CONSTRAINT django_content_type_pkey PRIMARY KEY (id);


--
-- Name: django_migrations django_migrations_pkey; Type: CONSTRAINT; Schema: public; Owner: adam
--

ALTER TABLE ONLY public.django_migrations
    ADD CONSTRAINT django_migrations_pkey PRIMARY KEY (id);


--
-- Name: django_session django_session_pkey; Type: CONSTRAINT; Schema: public; Owner: adam
--

ALTER TABLE ONLY public.django_session
    ADD CONSTRAINT django_session_pkey PRIMARY KEY (session_key);


--
-- Name: auth_group_name_a6ea08ec_like; Type: INDEX; Schema: public; Owner: adam
--

CREATE INDEX auth_group_name_a6ea08ec_like ON public.auth_group USING btree (name varchar_pattern_ops);


--
-- Name: auth_group_permissions_group_id_b120cbf9; Type: INDEX; Schema: public; Owner: adam
--

CREATE INDEX auth_group_permissions_group_id_b120cbf9 ON public.auth_group_permissions USING btree (group_id);


--
-- Name: auth_group_permissions_permission_id_84c5c92e; Type: INDEX; Schema: public; Owner: adam
--

CREATE INDEX auth_group_permissions_permission_id_84c5c92e ON public.auth_group_permissions USING btree (permission_id);


--
-- Name: auth_permission_content_type_id_2f476e4b; Type: INDEX; Schema: public; Owner: adam
--

CREATE INDEX auth_permission_content_type_id_2f476e4b ON public.auth_permission USING btree (content_type_id);


--
-- Name: auth_user_groups_group_id_97559544; Type: INDEX; Schema: public; Owner: adam
--

CREATE INDEX auth_user_groups_group_id_97559544 ON public.auth_user_groups USING btree (group_id);


--
-- Name: auth_user_groups_user_id_6a12ed8b; Type: INDEX; Schema: public; Owner: adam
--

CREATE INDEX auth_user_groups_user_id_6a12ed8b ON public.auth_user_groups USING btree (user_id);


--
-- Name: auth_user_user_permissions_permission_id_1fbb5f2c; Type: INDEX; Schema: public; Owner: adam
--

CREATE INDEX auth_user_user_permissions_permission_id_1fbb5f2c ON public.auth_user_user_permissions USING btree (permission_id);


--
-- Name: auth_user_user_permissions_user_id_a95ead1b; Type: INDEX; Schema: public; Owner: adam
--

CREATE INDEX auth_user_user_permissions_user_id_a95ead1b ON public.auth_user_user_permissions USING btree (user_id);


--
-- Name: auth_user_username_6821ab7c_like; Type: INDEX; Schema: public; Owner: adam
--

CREATE INDEX auth_user_username_6821ab7c_like ON public.auth_user USING btree (username varchar_pattern_ops);


--
-- Name: core_commit_repo_id_11fd001b; Type: INDEX; Schema: public; Owner: adam
--

CREATE INDEX core_commit_repo_id_11fd001b ON public.core_commit USING btree (repo_id);


--
-- Name: core_repo_user_id_9799b992; Type: INDEX; Schema: public; Owner: adam
--

CREATE INDEX core_repo_user_id_9799b992 ON public.core_repo USING btree (user_id);


--
-- Name: django_admin_log_content_type_id_c4bce8eb; Type: INDEX; Schema: public; Owner: adam
--

CREATE INDEX django_admin_log_content_type_id_c4bce8eb ON public.django_admin_log USING btree (content_type_id);


--
-- Name: django_admin_log_user_id_c564eba6; Type: INDEX; Schema: public; Owner: adam
--

CREATE INDEX django_admin_log_user_id_c564eba6 ON public.django_admin_log USING btree (user_id);


--
-- Name: django_session_expire_date_a5c62663; Type: INDEX; Schema: public; Owner: adam
--

CREATE INDEX django_session_expire_date_a5c62663 ON public.django_session USING btree (expire_date);


--
-- Name: django_session_session_key_c0390e0f_like; Type: INDEX; Schema: public; Owner: adam
--

CREATE INDEX django_session_session_key_c0390e0f_like ON public.django_session USING btree (session_key varchar_pattern_ops);


--
-- Name: auth_group_permissions auth_group_permissio_permission_id_84c5c92e_fk_auth_perm; Type: FK CONSTRAINT; Schema: public; Owner: adam
--

ALTER TABLE ONLY public.auth_group_permissions
    ADD CONSTRAINT auth_group_permissio_permission_id_84c5c92e_fk_auth_perm FOREIGN KEY (permission_id) REFERENCES public.auth_permission(id) DEFERRABLE INITIALLY DEFERRED;


--
-- Name: auth_group_permissions auth_group_permissions_group_id_b120cbf9_fk_auth_group_id; Type: FK CONSTRAINT; Schema: public; Owner: adam
--

ALTER TABLE ONLY public.auth_group_permissions
    ADD CONSTRAINT auth_group_permissions_group_id_b120cbf9_fk_auth_group_id FOREIGN KEY (group_id) REFERENCES public.auth_group(id) DEFERRABLE INITIALLY DEFERRED;


--
-- Name: auth_permission auth_permission_content_type_id_2f476e4b_fk_django_co; Type: FK CONSTRAINT; Schema: public; Owner: adam
--

ALTER TABLE ONLY public.auth_permission
    ADD CONSTRAINT auth_permission_content_type_id_2f476e4b_fk_django_co FOREIGN KEY (content_type_id) REFERENCES public.django_content_type(id) DEFERRABLE INITIALLY DEFERRED;


--
-- Name: auth_user_groups auth_user_groups_group_id_97559544_fk_auth_group_id; Type: FK CONSTRAINT; Schema: public; Owner: adam
--

ALTER TABLE ONLY public.auth_user_groups
    ADD CONSTRAINT auth_user_groups_group_id_97559544_fk_auth_group_id FOREIGN KEY (group_id) REFERENCES public.auth_group(id) DEFERRABLE INITIALLY DEFERRED;


--
-- Name: auth_user_groups auth_user_groups_user_id_6a12ed8b_fk_auth_user_id; Type: FK CONSTRAINT; Schema: public; Owner: adam
--

ALTER TABLE ONLY public.auth_user_groups
    ADD CONSTRAINT auth_user_groups_user_id_6a12ed8b_fk_auth_user_id FOREIGN KEY (user_id) REFERENCES public.auth_user(id) DEFERRABLE INITIALLY DEFERRED;


--
-- Name: auth_user_user_permissions auth_user_user_permi_permission_id_1fbb5f2c_fk_auth_perm; Type: FK CONSTRAINT; Schema: public; Owner: adam
--

ALTER TABLE ONLY public.auth_user_user_permissions
    ADD CONSTRAINT auth_user_user_permi_permission_id_1fbb5f2c_fk_auth_perm FOREIGN KEY (permission_id) REFERENCES public.auth_permission(id) DEFERRABLE INITIALLY DEFERRED;


--
-- Name: auth_user_user_permissions auth_user_user_permissions_user_id_a95ead1b_fk_auth_user_id; Type: FK CONSTRAINT; Schema: public; Owner: adam
--

ALTER TABLE ONLY public.auth_user_user_permissions
    ADD CONSTRAINT auth_user_user_permissions_user_id_a95ead1b_fk_auth_user_id FOREIGN KEY (user_id) REFERENCES public.auth_user(id) DEFERRABLE INITIALLY DEFERRED;


--
-- Name: core_commit core_commit_repo_id_11fd001b_fk_core_repo_id; Type: FK CONSTRAINT; Schema: public; Owner: adam
--

ALTER TABLE ONLY public.core_commit
    ADD CONSTRAINT core_commit_repo_id_11fd001b_fk_core_repo_id FOREIGN KEY (repo_id) REFERENCES public.core_repo(id) DEFERRABLE INITIALLY DEFERRED;


--
-- Name: core_repo core_repo_user_id_9799b992_fk_auth_user_id; Type: FK CONSTRAINT; Schema: public; Owner: adam
--

ALTER TABLE ONLY public.core_repo
    ADD CONSTRAINT core_repo_user_id_9799b992_fk_auth_user_id FOREIGN KEY (user_id) REFERENCES public.auth_user(id) DEFERRABLE INITIALLY DEFERRED;


--
-- Name: django_admin_log django_admin_log_content_type_id_c4bce8eb_fk_django_co; Type: FK CONSTRAINT; Schema: public; Owner: adam
--

ALTER TABLE ONLY public.django_admin_log
    ADD CONSTRAINT django_admin_log_content_type_id_c4bce8eb_fk_django_co FOREIGN KEY (content_type_id) REFERENCES public.django_content_type(id) DEFERRABLE INITIALLY DEFERRED;


--
-- Name: django_admin_log django_admin_log_user_id_c564eba6_fk_auth_user_id; Type: FK CONSTRAINT; Schema: public; Owner: adam
--

ALTER TABLE ONLY public.django_admin_log
    ADD CONSTRAINT django_admin_log_user_id_c564eba6_fk_auth_user_id FOREIGN KEY (user_id) REFERENCES public.auth_user(id) DEFERRABLE INITIALLY DEFERRED;


--
-- PostgreSQL database dump complete
--

